"documentation","operator"
"https://help.sumologic.com/05Search/Search-Query-Language/Search-Operators/matches","matches"
"https://help.sumologic.com/Metrics/Metric-Queries-and-Alerts/03Metrics_Operators/topk","topk"
"https://help.sumologic.com/05Search/Search-Query-Language/Search-Operators/contains","contains"
"https://help.sumologic.com/Metrics/Metric-Queries-and-Alerts/03Metrics_Operators/quantize","quantize"
"https://help.sumologic.com/05Search/Search-Query-Language/Search-Operators/smooth","smooth"
"https://help.sumologic.com/05Search/Search-Query-Language/01-Parse-Operators/01-Parse-Predictable-Patterns-Using-an-Anchor","parse_anchor"
"https://help.sumologic.com/Metrics/Metric-Queries-and-Alerts/03Metrics_Operators/min","min"
"https://help.sumologic.com/05Search/Search-Query-Language/aaGroup/standard-deviation","standard-deviation"
"https://help.sumologic.com/05Search/Search-Query-Language/Search-Operators/substring","substring"
"https://help.sumologic.com/05Search/Search-Query-Language/Search-Operators/outlier","outlier"
"https://help.sumologic.com/05Search/Search-Query-Language/Search-Operators/rollingstd","rollingstd"
"https://help.sumologic.com/05Search/Search-Query-Language/Transaction-Analytics/Transaction-Operator/Flow_Diagrams","transaction"
"https://help.sumologic.com/05Search/Search-Query-Language/Search-Operators/Compare","compare"
"https://help.sumologic.com/05Search/Search-Query-Language/Math-Expressions/sqrt","sqrt"
"https://help.sumologic.com/05Search/Search-Query-Language/Transaction-Analytics/Transactionize-operator","transactionize"
"https://help.sumologic.com/05Search/Search-Query-Language/01-Parse-Operators/parseDate","parseDate"
"https://help.sumologic.com/05Search/Search-Query-Language/aaGroup/sum","sum"
"https://help.sumologic.com/Beta/Lookup_Tables_(Beta)/05_cat_Operator","cat"
"https://help.sumologic.com/05Search/Search-Query-Language/Search-Operators/ipv4ToNumber","ipv4ToNumber"
"https://help.sumologic.com/05Search/Search-Query-Language/Search-Operators/sort","sort"
"https://help.sumologic.com/05Search/Search-Query-Language/Math-Expressions/atan","atan"
"https://help.sumologic.com/05Search/Search-Query-Language/Search-Operators/queryEndTime()","queryEndTime()"
"https://help.sumologic.com/05Search/Search-Query-Language/Search-Operators/length","length"
"https://help.sumologic.com/05Search/Search-Query-Language/01-Parse-Operators/Parse-nodrop-option","nodrop"
"https://help.sumologic.com/05Search/Search-Query-Language/Search-Operators/hexToDec","hexToDec"
"https://help.sumologic.com/05Search/Search-Query-Language/Math-Expressions/abs","abs"
"https://help.sumologic.com/05Search/Search-Query-Language/Math-Expressions/sinh","sinh"
"https://help.sumologic.com/05Search/Search-Query-Language/Search-Operators/urlencode","urlencode"
"https://help.sumologic.com/Metrics/Metric-Queries-and-Alerts/03Metrics_Operators/histogram_quantile","histogram_quantile"
"https://help.sumologic.com/05Search/Search-Query-Language/Math-Expressions/acos","acos"
"https://help.sumologic.com/05Search/Search-Query-Language/Search-Operators/base64Encode","base64Encode"
"https://help.sumologic.com/05Search/Search-Query-Language/Search-Operators/limit","limit"
"https://help.sumologic.com/05Search/Search-Query-Language/aaGroup/first-and-last","first-and-last"
"https://help.sumologic.com/Metrics/Metric-Queries-and-Alerts/03Metrics_Operators/delta","delta"
"https://help.sumologic.com/05Search/Search-Query-Language/Search-Operators/queryStartTime()","queryStartTime()"
"https://help.sumologic.com/05Search/Search-Query-Language/Math-Expressions/tanh","tanh"
"https://help.sumologic.com/05Search/Search-Query-Language/Search-Operators/isPublicIP","isPublicIP"
"https://help.sumologic.com/05Search/Search-Query-Language/Search-Operators/isNull%2C-isEmpty%2C-isBlank","isEmpty"
"https://help.sumologic.com/05Search/Search-Query-Language/Math-Expressions/tan","tan"
"https://help.sumologic.com/Metrics/Metric-Queries-and-Alerts/03Metrics_Operators/fillmissing","fillmissing"
"https://help.sumologic.com/05Search/Search-Query-Language/Search-Operators/if-operator-and","if-operator-and"
"https://help.sumologic.com/05Search/Search-Query-Language/Search-Operators/Manually-Casting-String-Data-to-a-Number","toLong"
"https://help.sumologic.com/05Search/Search-Query-Language/Search-Operators/transpose","transpose"
"https://help.sumologic.com/05Search/Search-Query-Language/01-Parse-Operators/06-Parse-Delimited-Logs-Using-Split","split"
"https://help.sumologic.com/07Sumo-Logic-Apps/22Security_and_Threat_Detection/Threat_Intel_Quick_Analysis/03_Threat-Intel-FAQ","sumo://threat/cs"
"https://help.sumologic.com/05Search/Search-Query-Language/Search-Operators/trim","trim"
"https://help.sumologic.com/05Search/Search-Query-Language/Math-Expressions/cos","cos"
"https://help.sumologic.com/05Search/Search-Query-Language/Search-Operators/concat","concat"
"https://help.sumologic.com/05Search/Search-Query-Language/Math-Expressions/floor","floor"
"https://help.sumologic.com/Metrics/Metric-Queries-and-Alerts/03Metrics_Operators/pct","pct"
"https://help.sumologic.com/05Search/Search-Query-Language/01-Parse-Operators/05-Parse-CSV-Formatted-Logs","csv"
"https://help.sumologic.com/05Search/Search-Query-Language/01-Parse-Operators/02-Parse-Variable-Patterns-Using-Regex","multi"
"https://help.sumologic.com/05Search/Search-Query-Language/Math-Expressions/exp","exp"
"https://help.sumologic.com/05Search/Search-Query-Language/Search-Operators/isPrivateIP","isPrivateIP"
"https://help.sumologic.com/05Search/Search-Query-Language/aaGroup/median","median"
"https://help.sumologic.com/05Search/Search-Query-Language/Search-Operators/Geo-Lookup","geo://"
"https://help.sumologic.com/05Search/Search-Query-Language/Search-Operators/Timeslice-Join-Results","timeslice_join"
"https://help.sumologic.com/05Search/Search-Query-Language/Search-Operators/lookup", "lookupContains"
"https://help.sumologic.com/05Search/Search-Query-Language/Search-Operators/save","save"
"https://help.sumologic.com/05Search/Search-Query-Language/Search-Operators/as-operator","as-operator"
"https://help.sumologic.com/05Search/Search-Query-Language/Search-Operators/replace","replace"
"https://help.sumologic.com/05Search/Search-Query-Language/aaGroup/avg","avg"
"https://help.sumologic.com/05Search/Search-Query-Language/Search-Operators/format","format"
"https://help.sumologic.com/05Search/Search-Query-Language/Search-Operators/trace","trace"
"https://help.sumologic.com/05Search/Search-Query-Language/Search-Operators/top","top"
"https://help.sumologic.com/05Search/Search-Query-Language/Search-Operators/toLowerCase-and-toUpperCase","toLower"
"https://help.sumologic.com/Metrics/Metric-Queries-and-Alerts/03Metrics_Operators/rate","rate"
"https://help.sumologic.com/05Search/Search-Query-Language/Math-Expressions/cbrt","cbrt"
"https://help.sumologic.com/05Search/Search-Query-Language/01-Parse-Operators/07-Parse-XML-Formatted-Logs","parse_xml"
"https://help.sumologic.com/05Search/Search-Query-Language/Search-Operators/predict","predict"
"https://help.sumologic.com/05Search/Search-Query-Language/Search-Operators/Luhn","Luhn"
"https://help.sumologic.com/05Search/Search-Query-Language/Search-Operators/lookup", "lookup"
"https://help.sumologic.com/05Search/Search-Query-Language/01-Parse-Operators/parseHex","parseHex"
"https://help.sumologic.com/05Search/Search-Query-Language/Search-Operators/diff","diff"
"https://help.sumologic.com/05Search/Search-Query-Language/Search-Operators/now","now"
"https://help.sumologic.com/05Search/Search-Query-Language/Search-Operators/formatDate","formatDate"
"https://help.sumologic.com/05Search/Search-Query-Language/01-Parse-Operators/Parse-field-option","parse"
"https://help.sumologic.com/05Search/Search-Query-Language/Search-Operators/decToHex","decToHex"
"https://help.sumologic.com/05Search/Search-Query-Language/Search-Operators/tourl","tourl"
"https://help.sumologic.com/05Search/Search-Query-Language/Math-Expressions/log","log"
"https://help.sumologic.com/05Search/Search-Query-Language/Search-Operators/timeslice","timeslice"
"https://help.sumologic.com/Metrics/Metric-Queries-and-Alerts/03Metrics_Operators/count","count"
"https://help.sumologic.com/05Search/LogReduce/01-LogReduce-Operator","logreduce"
"https://help.sumologic.com/05Search/Search-Query-Language/Search-Operators/in-operator","in"
"https://help.sumologic.com/05Search/Search-Query-Language/01-Parse-Operators/02-Parse-Variable-Patterns-Using-Regex","parse_regex"
"https://help.sumologic.com/05Search/Search-Query-Language/Search-Operators/isNull%2C-isEmpty%2C-isBlank","isNull"
"https://help.sumologic.com/05Search/Search-Query-Language/01-Parse-Operators/04-Parse-Keyvalue-Formatted-Logs","keyvalue"
"https://help.sumologic.com/05Search/Search-Query-Language/Search-Operators/isNumeric","isNumeric"
"https://help.sumologic.com/05Search/Search-Query-Language/aaGroup/min-and-max","min-and-max"
"https://help.sumologic.com/05Search/Search-Query-Language/aaGroup/percentile-(pct)/pct-sampling","pct_sampling"
"https://help.sumologic.com/Metrics/Metric-Queries-and-Alerts/03Metrics_Operators/eval","eval"
"https://help.sumologic.com/05Search/Search-Query-Language/Search-Operators/isValidIP","isValidIP"
"https://help.sumologic.com/05Search/Search-Query-Language/Search-Operators/CIDR","CIDR"
"https://help.sumologic.com/05Search/Search-Query-Language/Search-Operators/backshift","backshift"
"https://help.sumologic.com/05Search/Search-Query-Language/Search-Operators/num","num"
"https://help.sumologic.com/05Search/Search-Query-Language/Search-Operators/haversine","haversine"
"https://help.sumologic.com/05Search/Search-Query-Language/Search-Operators/ASN_Lookup","asn://"
"https://help.sumologic.com/05Search/Search-Query-Language/Transaction-Analytics/Merge-Operator","merge"
"https://help.sumologic.com/05Search/Search-Query-Language/Search-Operators/bin","bin"
"https://help.sumologic.com/05Search/Search-Query-Language/Search-Operators/urldecode","urldecode"
"https://help.sumologic.com/05Search/Search-Query-Language/Search-Operators/isNull%2C-isEmpty%2C-isBlank","isBlank"
"https://help.sumologic.com/05Search/Search-Query-Language/Search-Operators/base64Decode","base64Decode"
"https://help.sumologic.com/05Search/Search-Query-Language/Math-Expressions/expm1","expm1"
"https://help.sumologic.com/05Search/Search-Query-Language/Math-Expressions/asin","asin"
"https://help.sumologic.com/05Search/Search-Query-Language/Math-Expressions/log10","log10"
"https://help.sumologic.com/Metrics/Metric-Queries-and-Alerts/03Metrics_Operators/bottomk","bottomk"
"https://help.sumologic.com/05Search/Search-Query-Language/Math-Expressions/toDegrees","toDegrees"
"https://help.sumologic.com/05Search/Search-Query-Language/Math-Expressions/cosh","cosh"
"https://help.sumologic.com/05Search/Search-Query-Language/Search-Operators/sessionize","sessionize"
"https://help.sumologic.com/05Search/Search-Query-Language/Math-Expressions/log1p","log1p"
"https://help.sumologic.com/05Search/Search-Query-Language/Search-Operators/fields_operator","fields"
"https://help.sumologic.com/05Search/Search-Query-Language/Search-Operators/accum","accum"
"https://help.sumologic.com/05Search/Search-Query-Language/Math-Expressions/ceil","ceil"
"https://help.sumologic.com/05Search/Search-Query-Language/Math-Expressions/toRadians","toRadians"
"https://help.sumologic.com/05Search/Search-Query-Language/Search-Operators/toLowerCase-and-toUpperCase","toUpper"
"https://help.sumologic.com/05Search/Search-Query-Language/Search-Operators/total","total"
"https://help.sumologic.com/05Search/Search-Query-Language/Search-Operators/queryTimeRange()","time_range"
"https://help.sumologic.com/Metrics/Metric-Queries-and-Alerts/03Metrics_Operators/max","max"
"https://help.sumologic.com/05Search/Search-Query-Language/Math-Expressions/sin","sin"
"https://help.sumologic.com/05Search/Search-Query-Language/Search-Operators/join","join"
"https://help.sumologic.com/05Search/Search-Query-Language/01-Parse-Operators/03-Parse-JSON-Formatted-Logs","json"
"https://help.sumologic.com/05Search/Search-Query-Language/Search-Operators/Manually-Casting-String-Data-to-a-Number","number"
"https://help.sumologic.com/05Search/Search-Query-Language/Search-Operators/where","where"
"https://help.sumologic.com/Metrics/Metric-Queries-and-Alerts/03Metrics_Operators/filter","filter"
"https://help.sumologic.com/05Search/Search-Query-Language/Math-Expressions/atan2","atan2"
"https://help.sumologic.com/05Search/Search-Query-Language/Search-Operators/hexToAscii","hexToAscii"
